Item,Specific part,Unit Price (inr),Quantity,Total Price ₹,Total Price $,URL,Running Total ₹,Running Total $
Balls,Polypropylene Balls,₹5.00,110,₹550.00,$5.74,https://dir.indiamart.com/impcat/polypropylene-balls.html,₹550.00,$5.74
Rollers,50cm Aluminium rollers,₹306.00,10,"₹3,060.00",$31.94,https://www.amazon.in/Zaymircozy-Smooth-Printer-Robotics-Projects/dp/B0FH2KFWB4/ref=sr_1_1?crid=1D7NELO6CF0YH&dib=eyJ2IjoiMSJ9.c4L75VlylNFit3jmEa-eyQS7z60nxaDwS2bd5omQC_Xs0b8SHYktsCY89BLnWQkdbeI63BOTizy0DIakuKf7L7i4z-WKpDm7BW0bRJZDMVEOKkWAmOeyGsrgUmQzLQNz5zIEQDe9fUBOeAdQL13zTA.mxdXKDbGtd0etD38PiINGvbteerS3nsYuP7grgqp8ZY&dib_tag=se&keywords=aluminium+rods+50+cm+back+of+20&qid=1786555699&refinements=p_36%3A-63000&rnid=1318502031&s=industrial&sprefix=aluminium+rods+50+cm+back+of+20%2Cindustrial%2C232&sr=1-1,"₹3,610.00",$37.68
"Mosfets, Schottky diodes, Resistors",Alr have,₹0.00,10,₹0.00,$0.00,,"₹3,610.00",$37.68
Motors,NEMA 13 STEPPER (already have from ender),₹0.00,1,₹0.00,$0.00,,"₹3,610.00",$37.68
Motor driver,A4988 motor driver with heat sink,₹699.00,1,₹699.00,$7.30,https://www.amazon.in/TESTIN-ELECTRONICS-Stepper-Heatsink-Printer/dp/B0GGTFJJT7,"₹4,309.00",$44.97
Piping,Polyurethane Pneumatic Air Tube,₹175.00,3,₹525.00,$5.48,https://www.amazon.in/Polyurethane-Pneumatic-Flexible-Compressor-Industrial/dp/B0HFCSDDWX/ref=sr_1_1,"₹4,834.00",$50.45
Pumps,6V to 12V Mini,₹89.00,23,"₹2,047.00",$21.36,https://quartzcomponents.com/products/12v-dc-1-2l-min-mini-vacuum-pump?srsltid=AfmBOoq1d-z9DCiYFECv1LNLPBb3ClF3fsWmVBt2qGRkRinZDS05aquH,"₹6,881.00",$71.81
Pressure Sensor,BMP280,₹34.00,25,₹850.00,$8.87,https://www.flyrobo.in/bmp280-barometric-pressure-and-altitude-sensor-i2c-spi-module?srsltid=AfmBOopaK0VeQkgpDOZl1-qdyk8WUkgL2_zQ5x4lKVd9bb6Lktvidx93,"₹7,731.00",$80.68
LED,50W 32V Natural White SMD COB LED,₹699.00,1,₹699.00,$7.30,https://probots.co.in/50w-32v-natural-white-smd-cob-led-rectangle-light.html,"₹8,430.00",$87.98
Cooler,Cooler Master i30 CPU Cooler,₹655.00,1,₹655.00,$6.84,https://www.amazon.in/Cooler-Master-i30-CPU-Aluminum/dp/B09V4PN9MX?source=ps-sl-shoppingads-lpcontext&smid=A1A1JBOUJEFFNA&th=1,"₹9,085.00",$94.82
Condensor Lens,High Power LED 20-100W Lens,₹300.00,1,₹300.00,$3.13,https://roboman.in/product/high-power-led-20-100w-lamp-bead-lens-44mm-optical-glass-lens-50-mm-reflective-collimator-fixed-bracket-60-120-degree-led-lens/,"₹9,385.00",$97.95
Collector Lens,Convex Lens F20 D100,₹300.00,1,₹300.00,$3.13,https://www.amazon.in/ERH-India-Magnifier-Convex-Length/dp/B09BNTC9F5?source=ps-sl-shoppingads-lpcontext&psc=1&smid=A1KKHARUWH0JG,"₹9,685.00",$101.08
Projector Lens,Convex Lens F10 D75,₹270.00,1,₹270.00,$2.82,"https://www.amazon.in/Diameter-75-Science-Experiments-Projects-Microscopes/dp/B0C576XYVT?crid=378DJOR5RDQTX&dib=eyJ2IjoiMSJ9.jJLF1iHCvtPAbifj-IEcJvwmZKhfyjBUhp-5MPEKz8TykW9M1-aSITZ-6le2cAi5KoS2zFdlW54zPszDfxvu-MuEE7ZhdbVp4fCCVVYk7S1i1pGUlJTYhuSBYRYok8GqzpzrfwTCUk5D3NmVbHC-zPPoFq6ldOuNXy05ZWoQ9iwYUq6rrTB9mlPNi2SfBsWO.pA4xyLO7_SKg6Qjny2UQc4vraaFKkMVhhSD85HOlWA4&dib_tag=se&keywords=100+mm+focal+length+biconvex+lens&qid=1782578343&sprefix=100+mm+focal+length+biconvex+le,aps,273&xpid=PNhMk0UkOY3Z4","₹9,955.00",$103.90
LCD display without backlight,Extracted from eshants tablet,₹0.00,1,₹0.00,$0.00,,"₹9,955.00",$103.90
LED driver,50W LED driver,₹150.00,1,₹150.00,$1.57,https://makerbazar.in/products/50w-led-driver-1500ma-300ma-750ma,"₹10,105.00",$105.46
60 pin RGB TTL breakout board,FPC FFC 60 Pin Adapter ,₹101.00,1,₹101.00,$1.05,https://roboticsdna.in/product/fpc-60pin-cable-pitch-0-5mm-to-dip-pitch-2-54mm-smt-adapter-pcb-board/?srsltid=AfmBOor3ykh8ym4aLEzaiyzvzlYi7wKRnOwV8cFBtz1cFzFLhiNlyNFLD7E,"₹10,206.00",$106.52
Controller of LCD screen,Raspberry Pi 0,"₹1,299.00",1,"₹1,299.00",$13.56,https://robu.in/product/raspberry-pi-zero-v1-3-development-board/?gad_source=1&gad_campaignid=17416544847&gclid=CjwKCAjwj7HTBhBiEiwA8s35OqpUuB_Rtrcf12BnWGZDf_nnS0EhUMToca90b4wwzxZxcTHOLFYC0xoCoKQQAvD_BwE,"₹11,505.00",$120.07
Stepper Motors,8BYJ-48 Stepper Motor + ULN2003 Driver,₹139.00,4,₹556.00,$5.80,https://probots.co.in/28byj-48-stepper-motor-and-uln2003-stepper-motor-driver.html?gad_source=1&gad_campaignid=15283483193&gclid=CjwKCAjwj7HTBhBiEiwA8s35OrzTDwpKqhs8q5qIXjCfNBawpBMg9aN4UWgQbE17EbHu-wku3NBP2hoCDxgQAvD_BwE,"₹12,061.00",$125.87
Ball Valve Motors,MG996R,₹259.00,20,"₹5,180.00",$54.06,https://quartzcomponents.com/products/mg996?variant=42799256436970&country=IN&currency=INR&utm_medium=product_sync&utm_source=google&utm_content=sag_organic&utm_campaign=sag_organic&srsltid=AU7gw4UYVN_2MCZJLFdN_BCRVyn89zLCYqljAwhJiwtKzN3hdzfuPR9aKqE,"₹17,241.00",$179.94
Ball Valve Controller,Raspberry pi Pico,₹384.00,1,₹384.00,$4.01,https://robu.in/product/raspberry-pi-pico/?gad_source=1&gad_campaignid=19974686076&gclid=Cj0KCQjwt9jVBhDXARIsAFSP-6dnIdRUSs15mvtl3CHo7k9pyD56FZ9BDhdfdO4dlMxiMgMKZjYrNeIaAhXxEALw_wcB,"₹17,625.00",$183.94
Control Board for motors,ESP32,₹589.00,2,"₹1,178.00",$12.29,https://www.amazon.in/SquadPixel-ESP-32-Bluetooth-Development-Board/dp/B071XP56LM/ref=sr_1_2?crid=1DB18TWXHT64F&dib=eyJ2IjoiMSJ9.7tHski1_or_OvY6xQRgEf-AJs3OUhV7ZdzXc0Obc9YP4kvPpc1oLBq0zUI2L6Bp2U_VBEFeNf9hIrVxYdYFe37K9e0VbkSfFIqD6Y6qCfsuLKl8qhbuVtdeVOSWtOHLXVzhu2JNyNZH3XD5hzKNjKkNla6ZplYY5n4-MmLigt0Ebb92oEwiiH8Z1q0imSLV6gGBSj-8CMLMVlhlh0b4zoU0ahL15BUr0T4PDxCMF5Z_Oq-o4XBN4enprlz70zeRl6wINhQ2hitzAz5Ve_2aCB6IWtbic5sHp5GqzxWZrpX8.1SIQMXip-dlcwOIPKbZg0adfgNB8zQz2CRSgbj2aqoQ&dib_tag=se&keywords=esp32+devkit+v1&qid=1782751207&s=industrial&sprefix=esp32+dev%2Cindustrial%2C314&sr=1-2,"₹18,803.00",$196.24
Main Control Board,Raspberry pi 5,₹0.00,1,₹0.00,$0.00,,"₹18,803.00",$196.24
Springs,Stainless Steel Mini Compression Springs,₹1.00,110,₹110.00,$1.15,https://www.indiamart.com/proddetail/mini-compression-springs-21559716612.html?utm_medium=prd_ads&utm_campaign=22486366449&utm_ad_group=202576351852&utm_content=product&utm_source=google&gclsrc=aw.ds&gad_source=1&gad_campaignid=22486366449&gclid=Cj0KCQjwr4jSBhCSARIsAOX1E-I4u_rEpNtxYpND3rpCS6pig6dCLbhtsXnaPAd6cAHMuX80MDCoqcYaAj8UEALw_wcB,"₹18,913.00",$197.39
Camera ,Phone camera + ipad camera (already have),₹0.00,1,₹0.00,$0.00,,"₹18,913.00",$197.39
Resin,Fast Curing UV Epoxy Resin,₹399.00,4,"₹1,596.00",$16.66,https://www.amazon.in/Resin-Hard-Type-Crystal-Clear/dp/B0GYFDFBJT?th=1,"₹20,509.00",$214.04
UV light,Ultra Violet LED UV Light 390-395nm Purple ,₹289.00,2,₹578.00,$6.03,https://www.amazon.in/Invento-Violet-390-395nm-Purple-Projects/dp/B07GD1G6H3/ref=sr_1_42?crid=3FFMIB4GTE2NQ&dib=eyJ2IjoiMSJ9.-0sRItoAZHqg9DhaTn_eb9PmJbZ9qW4ITSWnLCecbvN3PQOBDA2bwqL7qDGKXmGkLEfYcwZ1jRyyqUVeEP-CdVdrPaE6IFW_ODcZURScDhBHsGZshUIs8DUfPA7do8_oKyC7Oa6mMaLWB_vUkx1dLrvyR2mLfPMkgWZwhD94j97OoNlAKRX08tdnfqDnpt83iZNScQ5s_fKBLKnLtF4JCj5D5E4ql-GFmRxwMB89TdMr8UNKQzRbjmw0DMBeLLo0786lj6Oirei3shOg2S5xcpj69bOCz4lC0FBWRJxxoZ0.a5j3wMdOJoUNxmgL8RbHXcWWEJ188S1JxUK811UAIVw&dib_tag=se&keywords=uv+led&qid=1787293175&sprefix=uv+led%2Caps%2C276&sr=8-42,"₹21,087.00",$220.07
3D Printing,lots of parts (mostly self funded),₹0.00,1,₹0.00,$0.00,,"₹21,087.00",$220.07
Control Panel Board,Arduino Uno (alr have),₹0.00,1,₹0.00,$0.00,,"₹21,087.00",$220.07
Control Panel Display,Scrapped from Ender 3 LCD,₹0.00,1,₹0.00,$0.00,,"₹21,087.00",$220.07
Control Panel Touchscreen,3.5 inch 4 Wire Resistive Touch Screen Panel,₹150.00,1,₹150.00,$1.57,https://kitsguru.com/products/3-5-inch-4-wire-resistive-touch-screen-panel?variant=40708852580533&country=IN&currency=INR.com,"₹21,237.00",$221.64
Control Panel Touch controller,5767 TSC2046 SPI Resistive Touch,₹581.00,1,₹581.00,$6.06,https://www.fabtolab.com/adafruit-5767-tsc2046-spi-resistive-touch-screen-controller,"₹21,818.00",$227.70
